CITY,OBJECTID,DZCODE,CITY_NAME_,CITY_NAME2,dzcode_1,coord_long,coord_lat,pos_x,pos_y,cityclass,Area_km2,Shape_Length,Shape_Area,Cohesion,nCohesion,Cohesion_km,Proximity,nProximity,Spin,nSpin,Range,nRange
511900,225,5119,Bazhong,Bazhong,5119,106.68,31.83,6345,5507,0,1.68926485,6062.299834,1689264.85,737.7846205,0.899880474,0.737784621,537.0940737,0.910190539,345795.2931,0.777497139,2251.748178,0.65130455
430800,136,4308,Zhangjiajie,Zhangjiajie,4308,110.47,29.13,7044,6112,2,2.466437504,7194.65486,2466437.504,881.2898699,0.910294321,0.88128987,637.7984204,0.926158726,482295.1715,0.813911778,2565.263763,0.690809165
431100,134,4311,Yongzhou,Yongzhou,4311,111.56,26.43,7261,6700,0,5.266430056,10501.98915,5266430.056,1326.556413,0.883686032,1.326556413,970.583657,0.889321907,1152537.271,0.727246222,4719.850826,0.548636816
230500,97,2305,Shuangyashan,Shuangyashan,2305,131.15,46.63,10116,1920,3,5.276191966,9703.707983,5276191.966,1241.33497,0.945228609,1.24133497,910.1610698,0.94923959,965672.7398,0.869582414,3760.217807,0.689290593
341000,25,3410,Huangshan,Huangshan,3410,118.33,29.72,8523,5917,0,6.326782175,10439.99897,6326782.175,1341.40178,0.957851352,1.34140178,980.5574206,0.964833147,1109701.848,0.907395674,3675.232166,0.772256765
511400,233,5114,Meishan,Meishan,5114,103.83,30.05,5797,5874,0,6.680977058,10439.95562,6680977.058,1367.804977,0.965297907,1.367804977,1004.580992,0.967762609,1157645.069,0.918511685,3726.421119,0.782677983
360300,157,3603,pinxiang,Pingxiang,3603,113.83,27.6,7695,6433,0,7.197152592,10829.57308,7197152.592,1410.861539,0.971318174,1.410861539,1034.53912,0.975365168,1225228.967,0.934896613,4091.891745,0.739794808
230700,98,2307,Yichun,Yichun,2307,128.91,47.72,9740,1755,0,7.403412591,11941.46528,7403412.591,1595.642548,0.87105569,1.595642548,1180.344904,0.86704343,1674814.993,0.70353425,4707.190886,0.652242698
360600,161,3606,Yingtan,Yingtan,3606,117.07,28.27,8310,6253,0,7.861994966,11618.34541,7861994.966,1530.649004,0.935742427,1.530649004,1122.50323,0.939534183,1467558.578,0.852623793,4385.453767,0.721451105
451400,63,4514,Chongzuo,Chongzuo,4514,107.37,22.37,6416,7576,0,11.52228556,14085.18783,11522285.56,1820.283131,0.952567865,1.820283131,1333.398877,0.957509379,2068427.297,0.886581175,5804.367859,0.65988681
141100,219,1411,Lvliang,Luliang,1411,111.13,37.52,7148,4258,0,14.38792068,14762.04279,14387920.68,1983.415276,0.976901817,1.983415276,1464.194289,0.974392906,2451542.649,0.934068473,5217.946944,0.820265447
220600,163,2206,baishan,Baishan,2206,126.44,41.91,9592,3073,0,14.54868291,15588.89947,14548682.91,2087.155986,0.933517546,2.087155986,1535.710715,0.934192184,2766792.985,0.836887622,6337.091057,0.679167587
530900,248,5309,Lincang,3401,5309,100.05,23.83,4952,7169,0,14.54918342,15493.48476,14549183.42,2008.335782,0.970171555,2.008335782,1472.28671,0.974452608,2484941.377,0.931842691,5779.535465,0.74470014
510300,240,5103,Zigong,Zigong,5103,104.78,29.35,5967,6038,0,15.76143378,15129.08746,15761433.78,2071.277075,0.979095865,2.071277075,1524.687834,0.979378871,2652746.533,0.945627509,5841.522738,0.766879006
430900,133,4309,Yiyang,Yiyang,4309,112.32,28.57,7398,6230,0,16.01148034,15888.30756,16011480.34,2105.937342,0.970590088,2.105937342,1542.499858,0.97571822,2719660.492,0.93699425,5622.062008,0.803110255
450400,72,4504,Wuzhou,Wuzhou,4504,111.34,23.53,7226,7331,0,16.21656726,15977.47435,16216567.26,2132.610597,0.964569343,2.132610597,1569.79094,0.96487588,2838829.466,0.909158817,6121.649853,0.742277058
640500,185,6405,Zhongwei,Zhongwei,6405,105.23,37.52,6140,4240,0,17.17921639,16660.281,17179216.39,2174.751661,0.973548423,2.174751661,1595.232636,0.977262994,2906736.639,0.940627772,6058.125686,0.772002053
421300,119,4213,Suizhou,Suizhou Shi,4213,113.37,31.72,7575,5531,0,17.29416747,16911.58454,17294167.47,2236.615476,0.94978227,2.236615476,1640.320403,0.953575201,3135822.022,0.877745045,6978.391261,0.67243386
512000,241,5120,Ziyang,Ziyang,5120,104.65,30.12,5952,5867,0,17.63520385,17998.42964,17635203.85,2314.877023,0.926675907,2.314877023,1690.902569,0.934126006,3360723.251,0.835156499,7178.219347,0.660128642
150900,4,1509,Wulanchabu,Ulaan Chab,1509,113.12,40.98,7464,3486,0,17.78143175,17081.05887,17781431.75,2222.113461,0.969354626,2.222113461,1627.229111,0.974694382,3032814.991,0.933127397,6230.980993,0.763628267
621100,41,6211,Dingxi,Dingxi,6211,104.62,35.58,6012,4663,0,20.61587349,19190.81584,20615873.49,2538.254699,0.913758069,2.538254699,1863.0582,0.916659942,4132953.518,0.793891864,8308.563773,0.616637556
420200,115,4202,Huangshi,Huangshi,4202,115.09,30.11,7910,5872,0,20.79297089,18657.84014,20792970.89,2570.13245,0.906292365,2.57013245,1887.388411,0.908721479,4219256.831,0.78433341,7488.851881,0.68706542
431200,129,4312,Huaihua,Huaihua,4312,109.96,27.54,6947,6460,4,21.15346698,18186.02239,21153466.98,2401.538831,0.978287983,2.401538831,1765.832611,0.979659265,3557989.173,0.946230769,6715.481662,0.77280277
511100,231,5111,Leshan,Leshan,5111,103.72,29.58,5770,5976,0,21.30899176,18611.63498,21308991.76,2485.766398,0.9486078,2.485766398,1828.00292,0.94981357,3873439.235,0.875560752,7041.781142,0.739697221
230900,96,2309,Qitaihe,Qitaihe,2309,130.95,45.78,10125,2108,3,21.34777782,18852.48537,21347777.82,2534.890009,0.931070938,2.534890009,1862.303409,0.933167712,4046851.124,0.839567422,7039.96097,0.740561525
360900,160,3609,yichun,Yichun,3609,114.38,27.8,7799,6385,0,21.41641595,19121.40507,21416415.95,2462.681136,0.959910554,2.462681136,1802.58348,0.965632367,3746487.217,0.909793165,6653.507904,0.784833945
150800,181,1508,Bayannaoer,Baynnur,1508,107.42,40.75,6533,3540,0,22.79613422,19003.88725,22796134.22,2524.239961,0.966196631,2.524239961,1855.416004,0.96788355,3963992.691,0.915268449,7503.745559,0.717972091
350400,38,3504,sanming,Sanming,3504,117.65,26.21,8455,6694,0,24.28901483,21820.33126,24289014.83,3013.832557,0.835317123,3.013832557,2209.266338,0.839055482,6008969.731,0.643324388,9406.024911,0.59122649
620500,48,6205,Tianshui,Tianshui,6205,105.72,34.58,6195,4894,0,24.29956619,21190.63473,24299566.19,2880.271497,0.874241437,2.880271497,2112.692722,0.87760023,5389692.75,0.71755409,8865.096471,0.627438052
451200,66,4512,Hechi,Hechi,4512,108.02,24.73,6560,7069,0,24.77893378,21041.17125,24778933.78,2820.61128,0.901495624,2.82061128,2070.976653,0.904065526,5073626.382,0.777292118,8352.894254,0.672449049
430500,131,4305,Shaoyang,Shaoyang,4305,111.47,27.25,7240,6522,0,25.54296073,20467.93362,25542960.73,2673.077886,0.965805243,2.673077886,1958.735818,0.97049557,4399688.903,0.923994526,7236.151534,0.788103079
211200,263,2112,Tieling,Tieling,2112,123.83,42.28,9164,3055,0,26.11665235,20704.77153,26116652.35,2739.01842,0.953079997,2.73901842,2017.284543,0.952851886,4713783.874,0.881795693,7764.593232,0.742668672
150700,1,1507,Hulunbeier,Hulunbuir,1507,119.77,49.24,8368,1621,0,27.02342262,20910.58546,27023422.62,2857.797285,0.929189538,2.857797285,2101.962091,0.930205926,5206542.805,0.826058951,8614.478111,0.680920272
451100,67,4511,Hezhou,Hezhou,4511,111.55,24.42,7265,7138,0,27.57788282,21259.68957,27577882.82,2789.505574,0.961653865,2.789505574,2050.384598,0.963338539,4841562.801,0.906557769,7940.678434,0.746238946
411200,107,4112,Shanmenxia,Sanmenxia,4112,111.2,34.75,7168,4871,3,27.81695159,21719.09327,27816951.59,2822.265056,0.954602401,2.822265056,2065.558235,0.960397737,4927472.496,0.898473883,7689.016991,0.773996516
620800,46,6208,Pingliang,Pingliang,6208,106.65,35.46,6367,4705,0,28.25424984,24491.49638,28254249.84,3169.342796,0.856718666,3.169342796,2308.391209,0.8660965,6593905.477,0.681963601,11077.67295,0.541437598
511500,239,5115,Yibin,Yibin,5115,104.6,28.79,5926,6159,0,28.65084647,22457.09084,28650846.47,2841.672612,0.962188675,2.841672612,2082.203376,0.966895162,4993498.687,0.913172132,7832.693707,0.771103446
150300,5,1503,Wuhai,Wuhai,1503,106.83,39.65,6428,3780,0,30.2888002,22267.01675,30288800.2,2953.15235,0.951964464,2.95315235,2166.605692,0.95542139,5430093.281,0.887758648,8689.367144,0.714673941
370400,211,3704,Zaozhuang,Zaozhuang,3704,117.32,34.82,8250,4810,0,30.4814455,22862.10036,30481445.5,3029.239833,0.930999985,3.029239833,2229.232157,0.931528796,5842589.585,0.830329198,9504.048507,0.655487168
530500,245,5305,Baoshan,Baoshan,5305,99.17,25.1,4806,6876,0,30.53556263,22160.88981,30535562.63,2986.045242,0.945305389,2.986045242,2195.835404,0.94653567,5594983.441,0.868614855,8418.433313,0.740673398
371200,202,3712,Laiwu,Laiwu,3712,117.67,36.22,8288,4496,0,31.06921447,22459.25899,31069214.47,2921.361893,0.974642467,2.921361893,2143.697668,0.977992233,5251283.404,0.941640106,8145.957682,0.772107989
220800,162,2208,Baicheng,Baicheng,2208,122.83,45.62,8910,2350,0,31.15084694,21970.86838,31150846.94,2943.665078,0.968527792,2.943665078,2161.412193,0.971250235,5357076.322,0.925469598,7670.473739,0.821046589
450300,65,4503,Guilin,Guilin,4503,110.08,25.2,6971,6971,0,31.29062899,22240.26398,31290628.99,2933.794345,0.973964289,2.933794345,2150.352708,0.978433358,5283039.922,0.942650131,8332.266797,0.757528608
231100,91,2311,Heihe,Heihe,2311,127.5,50.24,9438,1258,0,32.01345511,24861.77944,32013455.11,3165.936049,0.912913628,3.165936049,2321.601967,0.916668517,6405890.902,0.795377209,9539.274275,0.66927715
210600,172,2106,Dandong,Dandong,2106,124.33,40.15,9312,3509,0,32.40771578,25520.0262,32407715.78,3496.936657,0.8315761,3.496936657,2588.073516,0.827335018,8144868.524,0.633263526,10671.76177,0.601926063
360500,159,3605,Xinyu,Xinyu,3605,114.89,27.8,7897,6380,0,32.74061932,22076.19869,32740619.32,2977.587254,0.981622495,2.977587254,2189.395791,0.982998762,5450879.623,0.955961563,7801.287085,0.827622415
420900,123,4209,Xiaogan,Xiaogan,4209,113.92,30.93,7683,5702,0,32.96747252,23562.17421,32967472.52,3052.977711,0.960693266,3.052977711,2239.687372,0.964249072,5800067.159,0.9046337,9516.081845,0.680831619
360800,153,3608,Ji'an,Ji'an,3608,114.95,27.09,7917,6535,0,33.29104108,22969.93448,33291041.08,3026.734599,0.97376666,3.026734599,2223.046798,0.976222668,5657027.054,0.936610997,8274.813302,0.786793102
620600,49,6206,Wuwei,Wuwei,6206,102.64,37.9,5704,4129,0,33.5582707,22575.61656,33558270.7,3055.37878,0.968501466,3.05537878,2246.505165,0.969898236,5785045.487,0.923236416,8330.439407,0.784669796
421200,122,4212,xianning,Xianning,4212,114.32,29.85,7768,5936,0,33.74260406,23130.65011,33742604.06,3169.10167,0.936307882,3.16910167,2320.236304,0.941652979,6279309.806,0.855237661,9111.861716,0.719345013
420300,118,4203,Shiyan,Shiyan,4203,110.78,32.65,7097,5336,0,34.54497221,23696.20782,34544972.21,3171.674802,0.946606159,3.171674802,2332.901306,0.947610496,6307956.07,0.871598189,8597.049784,0.771432695
360200,154,3602,Jingdezhen,Jingdezhen,3602,117.19,29.27,8316,6032,3,34.89822402,23082.62386,34898224.02,3123.298575,0.966170368,3.123298575,2299.575922,0.966246013,6075747.241,0.914163252,8618.658377,0.773422952
511600,229,5116,Guang'an,Guang'an,5116,106.63,30.47,6325,5807,0,35.05710882,23341.49766,35057108.82,3125.619842,0.967648097,3.125619842,2295.361188,0.970221332,6044810.904,0.923025095,8270.812211,0.807783443
520300,75,5203,Zunyi,Zunyi,5203,106.87,27.63,6350,6431,0,35.24113534,24185.979,35241135.34,3260.39782,0.930079143,3.26039782,2390.79761,0.933933465,6716130.623,0.835123854,9741.112274,0.687656347
130800,80,1308,Chengde,Chengde,1308,117.93,40.97,8248,3445,0,36.40206172,34451.96316,36402061.72,4752.914474,0.648438131,4.752914474,3518.178301,0.645028568,16340087.54,0.354561629,15087.49784,0.451232975
341800,31,3418,xuancheng,Xuancheng,3418,118.73,30.91,8575,5650,0,37.31025114,23808.40093,37310251.14,3185.416028,0.979520386,3.185416028,2343.837429,0.980212882,6263566.106,0.94803995,8766.133366,0.786250748
620400,40,6204,Baiyin,Baiyin,6204,104.22,36.55,5955,4445,0,38.02771918,23811.24227,38027719.18,3223.695284,0.977151064,3.223695284,2363.97561,0.981162525,6370473.085,0.950054949,8718.658981,0.798096686
610900,187,6109,Ankang,Ankang,6109,109.02,32.68,6777,5329,0,38.40986905,24729.55385,38409869.05,3330.215868,0.95063671,3.330215868,2445.799349,0.953091053,6936863.861,0.881251333,9320.035929,0.75034136
440200,54,4402,Shaoguan,Shaoguan,4402,113.6,24.82,7673,7040,0,38.64247219,28816.12585,38642472.19,3697.06449,0.858896789,3.69706449,2697.868559,0.866653448,8971442.8,0.685524124,11323.20916,0.619466723
230300,93,2303,Jixi,Jixi,2303,130.92,45.32,10142,2207,0,40.37262577,24297.09781,40372625.77,3295.440511,0.984907797,3.295440511,2418.562921,0.988143259,6634345.673,0.968520978,8739.781476,0.820347735
620700,50,6207,Zhangye,Zhangye,6207,100.45,38.93,5355,3871,0,40.45259176,25690.22418,40452591.76,3353.364537,0.968853165,3.353364537,2456.078905,0.974012803,6918080.988,0.930638128,9678.604826,0.741507379
510800,230,5108,Guangyuan,Guangyuan,5108,105.86,32.4,6200,5376,0,41.22955597,26468.67476,41229555.97,3531.199814,0.928854287,3.531199814,2583.197645,0.934933018,7827156.429,0.838348856,9738.365774,0.744000634
361000,151,3610,Fuzhou,Fuzhou,3610,116.35,27.97,8176,6327,0,41.97131879,25106.20204,41971318.79,3439.731939,0.96209346,3.439731939,2525.655749,0.964797029,7334793.965,0.910719904,9536.461364,0.766556399
330800,258,3308,Quzhou,Quzhou,3308,118.86,28.9,8639,6088,0,42.01925363,27190.01247,42019253.63,3743.142147,0.88461317,3.743142147,2747.626385,0.88736091,9051855.613,0.738806738,10908.65706,0.670514135
450800,64,4508,Guigang,Guigang,4508,109.62,23.1,6878,7426,0,42.5315927,24819.02805,42531592.7,3392.15382,0.982077677,3.39215382,2495.75931,0.982849289,7087931.264,0.955019591,8894.273145,0.827371239
511700,227,5117,Dazhou,Dazhou,5117,107.47,31.25,6487,5639,0,42.88423817,25627.82069,42884238.17,3418.71908,0.978477825,3.41871908,2518.431636,0.978030702,7237357.453,0.943056707,9516.767644,0.776451696
640400,6,6404,guyuan,Guyuan,6404,106.26,36.05,6303,4572,0,43.75355999,24811.67864,43753559.99,3408.75604,0.991234321,3.40875604,2505.727783,0.992902522,7099556.238,0.980849382,8500.91857,0.8780028
431300,130,4313,Loudi,Loudi,4313,112,27.73,7341,6415,0,43.94408745,25452.73976,43944087.45,3469.796774,0.975914431,3.469796774,2537.884577,0.98245386,7331774.444,0.953918971,8529.640438,0.876949451
640200,7,6402,Shizuishan,Shizuishan,6402,106.4,39,6352,3921,2,44.92709026,27610.05845,44927090.26,3634.83389,0.941965792,3.63483389,2662.666156,0.946828305,8245939.613,0.86713811,9982.311488,0.757666504
610500,190,6105,Weinan,Weinan,6105,109.5,34.5,6866,4927,0,46.98753613,27861.45225,46987536.13,3722.679226,0.940591986,3.722679226,2735.510842,0.942511592,8726081.728,0.85700534,10683.1751,0.724012475
420800,116,4208,Jingmen,Jingmen,4208,112.17,31,7358,5696,0,47.23525025,29989.67866,47235250.25,4067.233778,0.863176342,4.067233778,3000.205371,0.861620316,10962554.38,0.685763856,12410.11391,0.624902701
140300,223,1403,Yangquan,Yangquan,1403,113.57,37.85,7563,4175,0,47.31396548,27292.89448,47313965.48,3692.685367,0.951520003,3.692685367,2709.350305,0.954911928,8515782.387,0.884270069,10523.19065,0.737568389
530600,251,5306,Zhaotong,Zhaotong,5306,103.72,27.29,5738,6477,3,47.35198789,27300.00597,47351987.89,3730.865371,0.942160915,3.730865371,2735.617819,0.946122757,8724448.416,0.863814258,10856.31992,0.715223103
610700,189,6107,Hanzhong,Hanzhong,6107,107.02,33.07,6416,5236,0,47.77494414,26155.32526,47774944.14,3655.921405,0.965759073,3.655921405,2683.803572,0.968686332,8270125.655,0.919407858,9796.540221,0.796127137
350900,36,3509,Ningde,Ningde,3509,119.5,26.65,8808,6567,0,48.37525462,27279.92786,48375254.62,3699.989334,0.960233191,3.699989334,2716.67341,0.962959461,8526431.835,0.902975717,10223.98959,0.76762002
410600,100,4106,Hebi,Hebi,4106,114.28,35.75,7704,4635,0,48.42024074,28211.22049,48420240.74,3900.598998,0.91127136,3.900598998,2885.060863,0.907177557,9869860.78,0.780793248,11227.91298,0.699309605
510400,237,5104,Panzhihua,Panzhihua,5104,101.7,26.54,5333,6612,0,49.48270007,29053.36832,49482700.07,3885.942156,0.92468948,3.885942156,2846.900658,0.929369009,9547343.448,0.824880382,11074.8732,0.71670922
451000,61,4510,Bose,Baise,4510,106.62,23.9,6274,7241,0,50.08538966,28143.72584,50085389.66,3784.585533,0.955218571,3.784585533,2784.053916,0.956118434,8957434.822,0.889912961,10690.87534,0.746959959
620900,44,6209,Jiuquan,Jiuquan,6209,98.52,39.75,5054,3657,0,50.13467344,27422.86433,50134673.44,3759.668952,0.962022087,3.759668952,2765.346329,0.963060056,8789828.466,0.907774381,9975.019808,0.800959188
620300,43,6203,Jinchang,Jinchang,6203,102.17,38.45,5634,4002,0,51.13703112,27369.66953,51137031.12,3724.476007,0.980772157,3.724476007,2737.847593,0.982408906,8526366.228,0.954534565,9401.775697,0.858248254
361100,158,3611,Shangrao,Shangrao,3611,117.97,28.45,8478,6200,0,51.31257418,28924.38174,51312574.18,3888.972776,0.940898014,3.888972776,2857.182614,0.942991346,9525209.251,0.857372222,11485.38425,0.703754899
511000,236,5110,Neijiang,Neijiang,5110,105.03,29.55,6017,5996,0,52.26232347,27450.61296,52262323.47,3747.181726,0.985496656,3.747181726,2755.411529,0.986828515,8620075.717,0.964934345,10252.9476,0.795610815
621000,47,6210,qingyang,Qingyang,6210,107.63,35.73,6540,4651,0,52.35935119,35505.18537,52359351.19,4894.494071,0.755187643,4.894494071,3624.579265,0.750884831,16354365.68,0.509542817,14527.61139,0.562028027
451300,68,4513,Laibin,Laibin,4513,109.23,23.73,6800,7289,0,52.54598424,27782.48922,52545984.24,3807.302627,0.972563398,3.807302627,2800.234428,0.973664149,8965325.926,0.932810831,9859.70664,0.829584887
640300,8,6403,Wuzhong,Wuzhong,6403,106.23,37.98,6314,4145,0,53.65395249,28857.56345,53653952.49,3854.365148,0.970763767,3.854365148,2825.5912,0.975046517,9129165.222,0.935385826,9845.092693,0.839529788
430400,128,4304,hengyang,Hengyang,4304,112.6,26.88,7462,6598,0,54.10025025,27987.44247,54100250.25,3807.612705,0.986762016,3.807612705,2801.602238,0.987476947,8907265.104,0.966662847,9686.355098,0.856829302
350800,35,3508,Longyan,Longyan,3508,117.02,25.07,8350,6950,0,54.62921004,29609.09506,54629210.04,4050.53418,0.932106878,4.05053418,2988.25947,0.930310581,10457022.61,0.831451661,11533.88987,0.723088941
441400,15,4414,Meizhou,Meizhou,4414,116.12,24.28,8182,7133,0,58.57160499,30081.81451,58571604.99,4032.310308,0.969516423,4.032310308,2953.286141,0.974701961,9984035.559,0.933686624,10334.75082,0.835600348
431000,127,4310,Chenzhou,Chenzhou,4310,113.01,25.75,7549,6842,0,58.58564658,30802.94436,58585646.58,4025.732372,0.971216982,4.025732372,2953.430712,0.97477107,10001614.88,0.932268975,11545.44853,0.748065909
131100,82,1311,Hengshui,Hengshui,1311,115.68,37.73,7923,4185,0,61.52941593,30381.58984,61529415.93,4090.054337,0.979665631,4.090054337,3005.462747,0.981666231,10294299.72,0.95127507,10159.48682,0.871213676
210900,174,2109,FUxin,Fuxin,2109,121.67,42.02,8828,3156,0,61.56644484,30119.22076,61566444.84,4176.552316,0.959665022,4.176552316,3064.37331,0.963084008,10803582.24,0.906977316,11153.93753,0.793777692
510500,232,5105,Luzhou,Luzhou,5105,105.37,28.87,6074,6148,0,62.49729278,38998.48372,62497292.78,4660.864383,0.866422436,4.660864383,3363.433873,0.884059537,13956064.22,0.712719067,13806.67707,0.646095171
430700,125,4307,Changde,Changde,4307,111.68,29.05,7274,6127,0,63.72547814,30334.15977,63725478.14,4150.872625,0.982387207,4.150872625,3051.864661,0.983841382,10588614.47,0.95784249,11007.19306,0.81834235
530700,247,5307,Lijiang,Lijiang,5307,100.23,26.88,5054,6512,0,63.81471277,32227.4594,63814712.77,4407.507127,0.925833604,4.407507127,3252.441889,0.923814274,12494043.71,0.812901509,13366.03603,0.67439267
340800,17,3408,Anqing,Anqing,3408,117.05,30.53,8270,5758,0,63.86587839,31045.00449,63865878.39,4234.532744,0.964038777,4.234532744,3119.159298,0.963675226,11195971.82,0.907877441,11414.01518,0.790043598
220400,166,2204,Liaoyuan,Liaoyuan,2204,125.13,42.88,9350,2895,0,64.26992825,30447.02968,64269928.25,4165.700918,0.983063056,4.165700918,3055.48959,0.986863085,10602572.56,0.964754234,10745.70625,0.841829233
510900,238,5109,suining,Suining,5109,105.55,30.47,6124,5799,0,66.48623647,32164.38858,66486236.47,4371.511541,0.952795724,4.371511541,3228.820816,0.949851549,12068940.35,0.876764063,11851.49579,0.7763325
610600,194,6106,Yan'an,Yan'an,6106,109.46,36.58,6862,4467,0,66.82335196,34757.05602,66823351.96,4585.709534,0.910590552,4.585709534,3363.281908,0.914186201,13449070.05,0.79078083,13239.35109,0.696710713
141000,218,1410,Linfen,Linfen,1410,111.5,36.08,7216,4576,0,68.50830351,32107.01488,68508303.51,4314.054825,0.980057373,4.314054825,3172.663475,0.981253915,11461165.84,0.951337351,10676.5069,0.874777252
441600,10,4416,heyuan,Heyuan,4416,114.69,23.77,7901,7259,0,69.16104633,34923.22887,69161046.33,4716.428579,0.900706028,4.716428579,3468.168032,0.901912594,14417754.4,0.763456089,14789.38457,0.634506002
421000,117,4210,Jingzhou,Jingzhou,4210,112.23,30.33,7372,5843,0,70.55101134,39426.20215,70551011.34,5442.476765,0.788352759,5.442476765,4001.536989,0.789511737,20106117.48,0.55846397,16722.40788,0.566771324
530400,250,5304,Yuxi,Yuxi,5304,102.51,24.33,5455,7104,0,70.90873113,32222.79096,70908731.13,4417.508137,0.973728884,4.417508137,3249.572844,0.97466952,12071764.59,0.934865403,11552.75922,0.82246835
341600,19,3416,Bozhou,Bozhou,3416,115.78,33.85,7990,5042,0,71.31334598,32711.6636,71313345.98,4463.056618,0.966537179,4.463056618,3289.071446,0.965708167,12451197.21,0.911548611,12750.41732,0.747336281
440900,14,4409,Maoming,Maoming,4409,110.82,21.65,7124,7737,0,72.36296462,33690.91911,72362964.62,4583.663681,0.948005779,4.583663681,3359.760498,0.952321656,13090605.39,0.879785401,12507.51023,0.767436354
450700,71,4507,Qinzhou,Qinzhou,4507,108.62,22,6671,7661,0,73.71412677,32243.18439,73714126.77,4426.691628,0.990744448,4.426691628,3257.503775,0.991343674,12006502.24,0.977134507,10910.23578,0.887965895
140500,216,1405,Jincheng,Jincheng,1405,112.83,35.5,7452,4699,0,74.04031924,37075.466,74040319.24,4708.81737,0.933443097,4.70881737,3448.769734,0.938434029,14031992.07,0.839786877,14380.33957,0.675180762
211300,170,2113,Chaoyang,Chaoyang,2113,120.41,41.55,8637,3281,0,74.49293357,36315.29301,74492933.57,4836.625638,0.911550259,4.836625638,3563.811781,0.910912337,15118151.54,0.784217474,15119.94272,0.644113575
211400,175,2114,Huludao,Huludao,2114,120.83,40.72,8725,3456,4,74.55556681,35881.98217,74555566.81,4687.468796,0.940951421,4.687468796,3434.712266,0.945547785,13855363.7,0.85641108,14983.99703,0.650230623
140800,224,1408,Yuncheng,Yuncheng,1408,110.96,35.04,7125,4807,0,75.00804863,33884.85206,75008048.63,4635.532108,0.954376845,4.635532108,3413.382541,0.954339227,13501649.98,0.88418095,13301.12154,0.734718087
210500,169,2105,Benxi,Benxi,2105,123.77,41.27,9186,3277,0,75.55937417,34697.37405,75559374.17,4648.428375,0.955220395,4.648428375,3412.567251,0.958068942,13513605.53,0.889891885,14309.62596,0.685442381
220300,167,2203,Siping,Siping,2203,124.35,43.17,9218,2850,0,76.14841322,34329.03993,76148413.22,4743.422667,0.939732308,4.743422667,3486.444617,0.941415756,14151605.72,0.856397261,13771.78877,0.714982044
441200,58,4412,Zhaoqing,Zhaoqing,4412,112.46,23.06,7455,7428,0,77.28125537,35828.94893,77281255.37,4714.969216,0.952409626,4.714969216,3452.890992,0.957608563,13767235.99,0.893403281,13396.26578,0.740471569
341500,26,3415,Lu'an,Lu'an,3415,116.5,31.72,8150,5503,0,78.61761348,35431.89028,78617613.48,4803.16929,0.942969375,4.80316929,3519.742461,0.947507912,14398550.74,0.869002862,13705.29636,0.730006213
140600,220,1406,Shuozhou,Shuozhou,1406,112.41,39.33,7357,3854,0,79.03897616,35040.21309,79038976.16,4838.242635,0.93863893,4.838242635,3551.681804,0.94150018,14689780.19,0.856339822,13479.83482,0.74420253
411000,111,4110,Xuchang,Xuchang,4110,113.79,34,7633,5025,0,79.11687114,33413.48465,79116871.14,4603.726002,0.986939743,4.603726002,3384.195899,0.988582371,12984044.15,0.969793462,11558.41599,0.868342966
420700,114,4207,Ezhou,Ezhou,4207,114.82,30.37,7856,5818,0,80.29007478,38427.82567,80290074.78,5342.660563,0.856719993,5.342660563,3952.232314,0.852751066,18834233.24,0.678475312,15473.13319,0.653443025
410800,101,4108,Jiaozuo,Jiaozuo,4108,113.25,35.22,7527,4759,0,80.39653284,34087.12432,80396532.84,4699.832448,0.974544867,4.699832448,3457.301149,0.975473002,13680687.53,0.935296971,12733.00668,0.794589373
411500,110,4115,Xinyang,Xinyang,4115,114.07,32.13,7700,5436,0,81.51764772,34017.77872,81517647.72,4651.222847,0.991571934,4.651222847,3424.420327,0.991682291,13264735,0.978077329,11732.1006,0.868370579
330900,262,3309,zhoushan,Zhoushan,3309,122.2,30,9241,5781,0,82.84171181,61667.15048,82841711.81,9059.698414,0.513187826,9.059698414,6922.942134,0.494501525,60258333.41,0.218802399,25462.5408,0.403346092
140900,222,1409,Xinzhou,Xinzhou,1409,112.73,38.39,7416,4060,0,83.85058726,37027.28596,83850587.26,5129.934172,0.911815175,5.129934172,3766.725664,0.914371893,16811654.49,0.793808572,15309.07271,0.67493077
411600,113,4116,Zhoukou,Zhoukou,4116,114.65,33.62,7791,5103,0,84.25536579,34888.79282,84255365.79,4802.677007,0.976294759,4.802677007,3525.512166,0.979287861,14189891.85,0.94501481,12990.65022,0.797302185
331100,256,3311,lishui,Lishui,3311,119.92,28.45,8850,6167,0,86.40467731,42657.85104,86404677.31,5621.936337,0.844594515,5.621936337,4143.080149,0.843876895,20476287.27,0.671593015,16105.72695,0.651243428
441700,56,4417,Yangjiang,Yangjiang,4417,111.98,21.87,7363,7687,0,86.59390448,35852.45634,86593904.48,4853.069658,0.979473499,4.853069658,3561.876916,0.98264932,14445420.17,0.954063487,12640.67513,0.830669856
340700,29,3407,Tongling,Tongling,3407,117.82,30.88,8407,5670,0,87.44594748,43040.87557,87445947.48,5272.303626,0.906014159,5.272303626,3833.413918,0.917525057,17567031.62,0.79224852,14826.78024,0.711669006
150600,2,1506,Eerduosi,Ordos,1506,109.83,39.7,6927,3777,0,88.0916641,38475.38479,88091664.1,5019.831886,0.955088879,5.019831886,3680.543979,0.959155894,15637176.35,0.896595617,13863.78841,0.763907097
150500,3,1505,Tongliao,Tongliao,1505,122.29,43.61,8883,2797,0,92.98283423,37306.24094,92982834.23,5178.161108,0.951242806,5.178161108,3794.468557,0.955837877,16646979.48,0.888970741,14228.17637,0.764728383
610300,188,6103,Baoji,Baoji,6103,107.13,34.37,6444,4949,0,93.37477886,42735.15993,93374778.86,5904.844156,0.835933841,5.904844156,4370.417662,0.831621397,23423910.09,0.634439663,18016.79141,0.605190918
450900,73,4509,Yulin,Yulin,4509,110.12,22.64,6980,7525,0,95.02778167,39136.27239,95027781.67,5174.962118,0.962240594,5.174962118,3803.548224,0.963984772,16694231.8,0.905950113,14953.16317,0.735609421
130700,88,1307,Zangjiakou,Zhangjiakou,1307,114.88,40.82,7753,3510,4,95.68187493,40806.74034,95681874.93,5553.366196,0.899754609,5.553366196,4076.998308,0.902418753,19672068.65,0.77410483,15601.28033,0.707472653
340600,23,3406,Huaibei,Huaibei,3406,116.8,33.95,8171,5008,0,96.40121448,39976.46104,96401214.48,5390.24855,0.930460658,5.39024855,3957.945226,0.933050774,18317128.61,0.837616536,15942.17367,0.694942346
130500,87,1305,Xingtai,Xingtai,1305,114.48,37.07,7725,4342,0,97.18368201,37273.6836,97183682.01,5120.899521,0.983367779,5.120899521,3745.783521,0.989891977,15889928.6,0.973400433,12642.18847,0.879892212
210700,176,2107,Jinzhou,Jinzhou,2107,121.13,41.1,8765,3367,0,97.68947116,38268.97105,97689471.16,5176.566451,0.975321145,5.176566451,3798.584789,0.978669061,16463681.95,0.944367261,13259.23642,0.841124773
360400,155,3604,Jiujiang,Jiujiang,3604,116,29.7,8086,5953,0,98.03349017,42346.13766,98033490.17,5655.037311,0.894370182,5.655037311,4153.376019,0.896643461,20774574.16,0.751038959,17583.24021,0.635394399
620200,42,6202,Jiayuguan,Jiayuguan,6202,98.27,39.8,5014,3641,2,98.84243216,42597.63818,98842432.16,5887.212946,0.862635885,5.887212946,4325.957109,0.864417015,22659495.82,0.694245882,17402.23164,0.644646792
441800,16,4418,Qingyuan,Qingyuan,4418,113.03,23.7,7567,7287,0,98.90276543,41195.54716,98902765.43,5605.898892,0.906200945,5.605898892,4127.388602,0.906280554,20304643.17,0.775234702,17000.43065,0.660084225
140400,214,1404,Changzhi,Changzhi,1404,113.07,36.12,7490,4561,0,100.1748711,38490.69444,100174871.1,5324.451223,0.960218562,5.324451223,3917.875738,0.960865374,17723506.59,0.899558212,14450.38201,0.781547048
510600,228,5106,Deyang,Deyang,5106,104.38,31.13,5914,5643,0,100.3496914,39689.58615,100349691.4,5511.706872,0.928404981,5.511706872,4047.193895,0.930974561,19233404.69,0.830385971,15731.9116,0.718507958
340400,24,3404,Huainan,Huainan,3404,116.97,32.6,8223,5303,0,100.5745828,41410.16296,100574582.8,5497.110811,0.931912596,5.497110811,4025.279403,0.937091273,18916742.26,0.846178574,15757.95262,0.718123913
330700,255,3307,jinhua,Jinhua,3307,119.63,29.12,8780,6026,0,102.8247005,38877.70309,102824700.5,5385.583814,0.961792733,5.385583814,3971.035389,0.960458875,18155269.64,0.901394453,14690.41567,0.778878474
440400,60,4404,zhuhai,Zhuhai,4404,113.52,22.3,7676,7586,0,103.4289472,49758.56067,103428947.2,5879.378139,0.883598994,5.879378139,4297.652078,0.890068852,22205541.2,0.741311732,18430.66792,0.622637161
610800,195,6108,Yulin,Yulin,6108,109.73,38.28,6909,4091,0,104.7601392,42087.66078,104760139.2,5830.184338,0.896770474,5.830184338,4289.769275,0.897424463,21992922.09,0.758111811,17698.72135,0.652546104
360700,152,3607,Ganzhou,Ganzhou,3607,114.88,25.84,7917,6808,0,105.5569436,46257.76845,105556943.6,5771.545377,0.909320208,5.771545377,4209.396696,0.918031011,21129857.62,0.795079155,16397.96726,0.706982148
210800,264,2108,Yingkou,Yingkou,2108,122.28,40.65,8963,3444,0,105.8800127,48164.52031,105880012.7,5702.946523,0.921665321,5.702946523,4162.304449,0.929837278,20277442.47,0.831038106,16162.49136,0.718379195
420500,124,4205,Yichang,Yichang,4205,111.28,30.7,7193,5765,0,107.8183641,49156.29604,107818364.1,6507.247229,0.815106987,6.507247229,4802.939553,0.813154468,27993376.62,0.612995918,19002.64219,0.616577166
430600,135,4306,Yueyang,Yueyang,4306,113.12,29.37,7546,6050,0,114.7369159,44735.28993,114736915.9,5904.34866,0.926712764,5.90434866,4324.72983,0.931593412,22094658.65,0.826486963,17559.57125,0.688323723
341300,28,3413,Suzhou,Suzhou,3413,116.96,33.6,8205,5083,0,116.1877937,42211.70369,116187793.7,5720.826976,0.962469539,5.720826976,4199.110471,0.965509957,20306091.49,0.910655883,15134.31875,0.803660152
231000,94,2310,Mudanjiang,Mudanjiang,2310,129.61,44.63,9975,2395,4,116.9726735,42781.30792,116972673.5,5863.99663,0.942136978,5.86399663,4301.227831,0.945765713,21589932.37,0.862289834,17038.20723,0.716264408
150400,182,1504,Chifeng,Chifeng,1504,118.92,42.27,8383,3146,0,117.5213127,43748.50283,117521312.7,5779.972614,0.958071872,5.779972614,4236.157546,0.96254273,20686115.81,0.904186074,16098.02196,0.759872733
511300,235,5113,Nanchong,Nanchong,5113,106.05,30.85,6221,5719,0,121.430628,46490.71224,121430628,6148.305148,0.915533543,6.148305148,4516.740414,0.917640967,23932137.92,0.807545266,16495.31139,0.753804389
370900,207,3709,Tai'an,Tai'an,3709,117.08,36.2,8186,4508,0,124.2007895,49016.28421,124200789.5,6215.198128,0.915952082,6.215198128,4534.41085,0.924432308,24242747.25,0.815384881,16697.66956,0.753115135
430200,137,4302,zhuzhou,Zhuzhou,4302,113.13,27.83,7558,6387,0,124.954446,42861.38228,124954446,5913.531488,0.965593863,5.913531488,4344.139014,0.967845303,21672177.02,0.917633596,16091.62438,0.783846511
230800,92,2308,Jiamusi,Jiamusi,2308,130.37,46.82,9992,1904,4,125.0858861,45298.27296,125085886.1,6090.083917,0.938094158,6.090083917,4467.373731,0.941641679,23290279.49,0.854778797,17741.99537,0.711306459
530300,249,5303,Qujing,Qujing,5303,103.78,25.45,5724,6878,0,125.7492251,49654.48516,125749225.1,6443.763935,0.888952572,6.443763935,4718.555183,0.893876304,26875135.92,0.744688727,19218.67156,0.658391709
411300,104,4113,Nanyang,Nanyang,4113,112.52,33,7411,5253,0,126.9786024,43753.3793,126978602.4,5931.888237,0.970371126,5.931888237,4354.081942,0.97342496,21709409.09,0.930899232,15835.46096,0.802952068
410200,102,4102,Kaifeng,Kaifeng,4102,114.3,34.8,7716,4845,4,127.4183624,43419.05444,127418362.4,5945.075908,0.969893747,5.945075908,4369.020494,0.971775023,21918814.91,0.925198844,16799.17217,0.758198966
410900,106,4109,Puyang,Puyang,4109,115.03,35.77,7834,4625,0,128.3056049,44150.42375,128305604.9,5963.677393,0.970228943,5.963677393,4368.826633,0.975195768,21810663.61,0.936260887,15317.05562,0.834454353
371400,197,3714,Dezhou,Dezhou,3714,116.3,37.45,8032,4241,0,129.1288966,45274.31625,129128896.6,6039.837479,0.961063362,6.039837479,4440.035607,0.962629289,22800849.12,0.901348107,16913.33179,0.758119401
371700,199,3717,Heze,Heze,3717,115.43,35.25,7911,4736,0,129.4456148,44619.53239,129445614.8,6063.650963,0.95846229,6.063650963,4449.790038,0.961696325,22853455.51,0.901478967,16174.78726,0.793706895
371100,206,3711,Rizhao,Rizhao,3711,119.52,35.42,8625,4645,0,130.4026375,46919.92153,130402637.5,6089.291737,0.957948055,6.089291737,4504.073705,0.953611553,23411198.94,0.886508393,16233.23114,0.793767429
230200,95,2302,Qiqiha'er,Qiqihar,2302,123.95,47.33,9027,1958,0,133.506002,48262.56845,133506002,6503.789102,0.907505988,6.503789102,4769.848493,0.911128466,26944621.84,0.788585577,18073.46012,0.721380086
130900,79,1309,Cangzhou,Cangzhou,1309,116.83,38.3,8110,4047,0,133.5733032,47985.34492,133573303.2,6177.155659,0.955733571,6.177155659,4533.657886,0.958837239,23881814.97,0.890169005,17223.25137,0.757181078
410700,109,4107,Xinxiang,Xinxiang,4107,113.9,35.3,7641,4737,0,136.6061672,48678.32672,136606167.2,6388.219186,0.934589502,6.388219186,4664.456418,0.942470831,25512790.29,0.85218224,18376.02358,0.717692938
131000,83,1310,Langfang,Langfang,1310,116.7,39.52,8070,3780,0,138.4761896,46007.74241,138476189.6,6235.692124,0.963980928,6.235692124,4591.996686,0.963872947,24240228.84,0.909198103,17095.72734,0.776703083
460200,77,4602,Sanya,Sanya,4602,109.5,18.25,6848,8464,0,138.7409254,62978.20189,138740925.4,7368.359265,0.816576833,7.368359265,5330.882361,0.83106884,35549879.01,0.621135844,23267.79251,0.571218376
430300,132,4303,Xiangtan,Xiangtan,4303,112.93,27.83,7520,6389,0,139.4807244,49513.13519,139480724.4,6452.59698,0.934949407,6.45259698,4722.433706,0.940643442,26284878.8,0.844555797,19838.78906,0.671733483
341200,21,3412,fuyang,Fuyang,3412,115.82,32.9,8010,5251,0,140.0741943,51986.56909,140074194.3,6675.630925,0.905633132,6.675630925,4867.854041,0.914482341,28288545.1,0.788075185,19787.57641,0.674903252
371500,203,3715,Liaocheng,Liaocheng,3715,115.98,36.45,7991,4465,0,141.8055932,44995.5881,141805593.2,6162.258277,0.987125424,6.162258277,4525.080245,0.989815385,23194856.38,0.973020085,15234.52839,0.882008408
440800,57,4408,Zhanjiang,Zhanjiang,4408,110.35,21.27,7028,7820,0,143.6453315,50722.6058,143645331.5,6558.572294,0.933473518,6.558572294,4788.067526,0.94149777,26762731.68,0.854242565,19393.52227,0.697339272
130400,81,1304,handan,Handan,1304,114.48,36.62,7730,4441,0,147.7434791,45434.21532,147743479.1,6285.275317,0.987860018,6.285275317,4624.154863,0.98867965,24230930.69,0.970416915,15830.04482,0.866417221
410500,99,4105,Anyang,Anyang,4105,114.38,36.1,7718,4557,0,147.9229302,50324.30152,147922930.2,6621.37186,0.938286193,6.62137186,4849.716727,0.943268177,27414716.5,0.858760131,18626.01341,0.736805567
510700,234,5107,Mianyang,Mianyang,5107,104.72,31.41,5980,5584,0,148.1054322,54707.05903,148105432.2,6940.079242,0.895749591,6.940079242,5058.396455,0.90491218,30551617.79,0.771537265,19589.10381,0.701012861
411400,108,4114,Shangqiu,Shangqiu,4114,115.65,34.45,7960,4910,0,148.3103953,48762.284,148310395.3,6536.525974,0.9517094,6.536525974,4808.260936,0.952646054,26645464.86,0.885866794,16488.49911,0.833411964
140700,217,1407,Jinzhong,Jinzhong,1407,112.75,37.68,7424,4217,0,148.90445,48018.00317,148904450,6316.077618,0.986897239,6.316077618,4646.316967,0.987822262,24492273.22,0.967606357,16769.70069,0.821076432
371600,196,3716,Binzhou,Binzhou,3716,117.97,37.38,8319,4236,0,149.1268976,47780.1173,149126897.6,6577.681931,0.948354428,6.577681931,4834.911285,0.949999302,27114473.08,0.875336313,17966.65589,0.766947791
410400,105,4104,Pingdingshan,Pingdingshan,4104,113.18,33.77,7525,5080,4,151.9725886,58017.01691,151972588.6,7922.486617,0.79485273,7.922486617,5822.39647,0.796369576,42520549.39,0.568835282,25146.62319,0.553169231
450500,62,4505,Beihai,Beihai,4505,109.11,21.44,6771,7782,0,156.2402744,49190.22525,156240274.4,6747.384105,0.946295155,6.747384105,4955.258883,0.948776572,28518106.99,0.871951704,19321.99126,0.729961029
420600,121,4206,Xiangyang,Xiangfan,4206,112.15,32.02,7349,5471,0,158.5377296,64605.13193,158537729.6,7811.646002,0.823359151,7.811646002,5780.81093,0.819240391,40097710.22,0.629264444,22845.00054,0.621913814
330500,253,3305,huzhou,Huzhou,3305,120.08,30.83,8827,5644,0,165.5134186,62354.17129,165513418.6,8271.461668,0.794510968,8.271461668,6112.907099,0.791594218,46311940.68,0.568801012,25114.37943,0.578028447
445200,13,4452,Jieyang,Jieyang,4452,116.39,23.56,8246,7285,0,166.7050037,61076.40004,166705003.7,7472.048992,0.882673648,7.472048992,5450.493577,0.890988893,35878470.95,0.739494317,23514.28145,0.619580392
130300,84,1303,Qinhuangdao,Qinhuangdao,1303,119.6,39.93,8542,3650,4,167.0249946,52664.23505,167024994.6,7132.555049,0.925574018,7.132555049,5228.329233,0.929740202,32130173.17,0.827348592,21888.91553,0.666225954
130600,78,1306,Baoding,Baoding,1306,115.47,38.87,7873,3935,0,169.0393828,52340.21855,169039382.8,7008.584245,0.947609061,7.008584245,5132.259766,0.952838121,30618239.55,0.878674076,19577.43085,0.749364836
370800,201,3708,jining,Jining,3708,116.58,35.42,8110,4686,0,170.5862384,54933.62361,170586238.4,7212.137217,0.925067811,7.212137217,5297.172547,0.927388447,32704447.31,0.83015141,19575.52809,0.752858865
341100,20,3411,Chuzhou,Chuzhou,3411,118.32,32.3,8474,5351,0,172.7254593,71305.30627,172725459.3,8491.648889,0.790590704,8.491648889,6120.947993,0.80759439,49721124.48,0.55288594,30158.57272,0.491725186
211000,177,2110,Liaoyang,Liaoyang,2110,123.16,41.25,9088,3295,0,177.0139181,69662.33995,177013918.1,7605.578612,0.893587329,7.605578612,5552.442595,0.901266928,36338103.21,0.775291982,22082.4273,0.679848209
370300,212,3703,Zibo,Zibo,3703,118.05,36.82,8343,4359,0,178.3232681,59019.94369,178323268.1,7656.334036,0.890940473,7.656334036,5594.02422,0.897870018,37557382.95,0.755671119,21871.32982,0.688943928
630100,186,6301,Xining,Xining,6301,101.77,36.56,5532,4413,0,183.5280229,76945.15126,183528022.9,8421.210344,0.821754766,8.421210344,6129.390123,0.831319052,45753247.73,0.638411337,24992.13424,0.611649898
350600,39,3506,Zhangzhou,Zhangzhou,3506,117.65,24.52,8484,7060,0,185.7372378,72000.86686,185737237.8,9090.649082,0.765808446,9.090649082,6606.588641,0.775900496,57074945.12,0.517933034,30079.88391,0.511244201
330400,254,3304,jiaxing,Jiaxing,3304,120.77,30.75,8957,5648,0,189.7671248,64195.33687,189767124.8,7758.557939,0.906974413,7.758557939,5641.479677,0.918441006,38249061.98,0.789623964,23721.51972,0.655274156
321300,143,3213,Suqian,Suqian,3213,118.23,33.95,8427,4989,0,192.120632,54932.39193,192120632,7256.400178,0.97573376,7.256400178,5317.732053,0.980379807,32291828.02,0.946894311,19270.70262,0.811604625
371000,209,3710,Weihai,Weihai,3710,122.12,37.52,9022,4134,0,195.7269743,98163.48308,195726974.3,10992.81682,0.650102601,10.99281682,8315.867102,0.632778341,81264688.88,0.383326582,30505.90572,0.517483464
340200,30,3402,Wuhu,Wuhu,3402,118.38,31.33,8503,5563,0,203.6854972,68178.70298,203685497.2,8361.209331,0.871919742,8.361209331,6117.144045,0.877536423,45408495.43,0.713909444,25116.40506,0.641176556
211100,178,2111,Panjin,Panjin,2111,122.07,41.12,8916,3345,0,216.9723138,81800.397,216972313.8,10680.19155,0.70451245,10.68019155,7728.049619,0.716912352,79691348.1,0.433324534,36771.20833,0.452011327
450200,69,4502,Liuzhou,Liuzhou,4502,109.39,24.28,6833,7170,0,227.6217736,59879.70242,227621773.6,7946.961557,0.969775802,7.946961557,5823.722248,0.97440623,38807049.43,0.933519321,20144.63617,0.845089163
140200,215,1402,Datong,Datong,1402,113.3,40.08,7500,3684,0,231.5911629,66206.01891,231591162.9,8693.963146,0.894146644,8.693963146,6421.184814,0.891414361,48990442.04,0.752368765,25521.35683,0.672840758
650200,243,6502,Kalamay,Karamay,6502,84.87,45.6,3154,2001,0,235.9810206,81646.40772,235981020.6,9633.940596,0.814516952,9.633940596,7033.37876,0.821501454,60933881.89,0.616365555,29689.45068,0.583836758
220200,165,2202,Jilin,Jilin,2202,126.51,43.85,9531,2650,0,242.8810541,74990.41386,242881054.1,9458.331392,0.841681627,9.458331392,6913.35413,0.847894504,58667995.27,0.658889402,28919.97978,0.608070443
410300,103,4103,Luoyang,Luoyang,4103,112.45,34.62,7390,4896,0,243.7873369,63115.61106,243787336.9,8209.285131,0.971551407,8.209285131,6044.196089,0.97162981,41756329.21,0.929199488,21750.93228,0.809995777
210300,168,2103,Anshan,Anshan,2103,122.98,41.1,9064,3331,0,260.4494809,68277.02375,260449480.9,8582.837926,0.960497835,8.582837926,6287.832808,0.965371709,45748911.64,0.906072316,24152.96055,0.753956753
321200,145,3212,Taizhou,Taizhou,3212,119.92,32.45,8761,5291,0,261.1572441,99883.0399,261157244.1,12590.43458,0.655655746,12.59043458,9351.018813,0.650018792,113077933.6,0.367573628,39575.8218,0.460761471
370700,208,3707,Weifang,Weifang,3707,119.15,36.7,8534,4369,0,262.8083401,68382.67287,262808340.1,8524.724221,0.971414959,8.524724221,6252.383475,0.97523161,44697895.16,0.935776646,22721.80849,0.805066464
440700,12,4407,jiangmen,Jiangmen,4407,113.05,22.56,7578,7533,0,263.3353875,92292.74161,263335387.5,10285.78128,0.805903201,10.28578128,7535.946962,0.809935777,69801759.24,0.600430835,32238.64459,0.567979809
340300,18,3403,Bangbo,Bengbu,3403,117.38,32.9,8292,5232,0,264.9740256,81766.72514,264974025.6,9205.303795,0.903293905,9.205303795,6707.694925,0.912771674,54306555.43,0.776553137,28396.70963,0.64682782
320700,140,3207,Lianyungang,Lianyungang,3207,119.22,34.6,8590,4830,4,267.4358089,111209.0779,267435808.9,12752.73248,0.655046429,12.75273248,9738.169199,0.631635117,110523713.3,0.385109491,35496.28504,0.519854652
610400,193,6104,Xianyang,Xianyang,6104,108.7,34.33,6723,4964,0,275.7049384,102537.629,275704938.4,10369.86833,0.817927075,10.36986833,7521.108507,0.830374919,70861102.63,0.619236819,38565.17636,0.485827406
130200,86,1302,Tangshan,Tangshan,1302,118.18,39.59,8314,3746,0,276.6742076,70936.78846,276674207.6,9421.974488,0.901795299,9.421974488,6907.577615,0.905716685,57257392.1,0.769054722,28323.88382,0.662653647
440500,53,4405,Shantou,Shantou,4405,116.68,23.35,8308,7327,0,279.1648895,72904.55044,279164889.5,9238.15463,0.923869702,9.23815463,6794.877927,0.924873943,53941305.91,0.823681803,26198.95184,0.71961721
320900,148,3209,Yancheng,Yancheng,3209,120.15,33.35,8783,5089,0,282.5061627,64245.68251,282506162.7,8699.594824,0.986916684,8.699594824,6388.21643,0.989619277,46242553.18,0.97231336,22622.24754,0.838365257
460100,76,4601,Haikou,Haikou,4601,110.31,20.03,7020,8085,0,285.3846249,85452.07624,285384624.9,10535.63404,0.819068385,10.53563404,7616.436463,0.83425202,73347317.2,0.619250648,34986.21201,0.544845567
350300,37,3503,Putian,Putian,3503,119,25.43,8735,6841,0,286.7602821,96480.16827,286760282.1,10722.29071,0.806747216,10.72229071,7963.204289,0.799844286,73213579.57,0.623372285,27101.27022,0.70505811
620100,45,6201,Lanzhou,Lanzhou,6201,103.85,36,5883,4563,0,289.4174991,85562.19719,289417499.1,11577.12856,0.750632028,11.57712856,8572.303423,0.74644646,91771769.64,0.501921514,36486.2425,0.526124241
210400,173,2104,Fushun,Fushun,2104,123.93,41.81,9195,3155,0,291.3167007,89075.23801,291316700.7,11120.52661,0.784012328,11.12052661,8261.136044,0.777099665,83390455.72,0.555992799,32303.03035,0.596203451
370500,198,3705,Dongying,Dongying,3705,118.67,37.43,8437,4215,0,292.2434843,109790.4768,292243484.3,11329.03012,0.770806274,11.32903012,8381.434097,0.767163424,80975376.69,0.574396774,29398.28619,0.656153522
340500,27,3405,Ma'anshan,Ma'anshan,3405,118.5,31.7,8518,5480,3,293.5882771,104926.4096,293588277.1,13598.13633,0.643658513,13.59813633,10155.45955,0.634605131,132477514,0.352709106,42443.83939,0.455522415
441300,11,4413,Huizhou,Huizhou,4413,114.4,23.04,7849,7419,0,296.2742788,116498.6681,296274278.8,11284.92004,0.779137383,11.28492004,8211.660699,0.78840575,80807588.55,0.583528315,33178.64714,0.585387387
320800,139,3208,Huai'an,Huai'an,3208,119.02,33.56,8575,5063,0,309.7703492,73031.53425,309770349.2,9322.138605,0.964428244,9.322138605,6818.31728,0.970904515,53230727.09,0.926184649,24834.38846,0.799689718
520100,74,5201,Guiyang,Guiyang,5201,106.63,26.65,6297,6644,0,323.1573145,107683.1583,323157314.5,10828.28019,0.848033608,10.82828019,7902.731461,0.855585814,75532499.96,0.680926542,35673.11305,0.568618577
150100,183,1501,Huhehaote,Hohhot,1501,111.73,40.83,7238,3525,0,348.3794585,83462.96943,348379458.5,10043.97243,0.949262472,10.04397243,7382.762376,0.950913875,63486849.61,0.873351147,29800.30585,0.706741523
321000,149,3210,Yangzhou,Yangzhou,3210,119.4,32.4,8668,5311,0,349.4969032,81812.75265,349496903.2,10367.32124,0.921129442,10.36732124,7582.293181,0.927373961,67227038.35,0.82740756,27433.28552,0.768951417
321100,150,3211,Zhenjiang,Zhenjiang,3211,119.45,32.2,8681,5354,0,354.791813,98050.26619,354791813,12586.42079,0.764451789,12.58642079,9357.017237,0.757152167,106021223.4,0.532599691,34862.6474,0.609651281
371300,204,3713,Linyi,Linyi,3713,118.35,35.05,8427,4745,0,356.6871235,90250.26159,356687123.5,10546.2329,0.914769996,10.5462329,7702.871454,0.922199474,69594278.97,0.815706689,29792.58576,0.715303874
320300,147,3203,Xuzhou,Xuzhou,3203,117.18,34.27,8234,4933,0,387.4754537,77663.81114,387475453.7,10196.73857,0.986112279,10.19673857,7499.364246,0.987259802,63807475.55,0.966479762,26984.91481,0.823106641
150200,180,1502,Baotou,Baotou,1502,109.83,40.65,6927,3567,0,414.2776568,97578.3063,414277656.8,11762.4655,0.883919972,11.7624655,8600.106911,0.890175649,88662331.98,0.743656696,36801.34974,0.624075406
640100,184,6401,Yinchuan,Yinchuan,6401,106.3,38.44,6330,4044,0,423.1218215,98893.57971,423121821.5,11359.72081,0.924976305,11.35972081,8253.27127,0.937433343,79901203.89,0.842814953,32528.25946,0.713554165
330600,259,3306,Shaoxing,Shaoxing,3306,120.57,30,8937,5816,0,427.2803968,113625.3469,427280396.8,11744.21955,0.899079047,11.74421955,8567.459093,0.90748248,89174128.68,0.762595477,36813.03019,0.633592425
130100,85,1301,Shijiazhuang,Shijiazhuang,1301,114.52,38.05,7722,4125,6,438.6323926,93377.65227,438632392.6,11510.73977,0.929421401,11.51073977,8426.999922,0.934783774,82944311.23,0.841655232,32283.23153,0.732029207
360100,156,3601,Nanchang,Nanchang,3601,115.85,28.68,8071,6178,0,452.9693864,90046.9036,452969386.4,11330.62908,0.95950216,11.33062908,8291.640264,0.965445535,79078210.42,0.911658427,29829.29119,0.805093928
450100,70,4501,Nanning,Nanning,4501,108.35,22.84,6619,7479,0,456.7113688,84834.41888,456711368.8,11358.12717,0.961124699,11.35812717,8353.06102,0.962296845,80760665.47,0.900040527,33164.41353,0.727115912
140100,221,1401,Taiyuan,Taiyuan,1401,112.55,37.87,7389,4176,0,490.7717944,111189.7977,490771794.4,13546.79582,0.835350556,13.54679582,9901.156879,0.841564991,120983194,0.645616589,42860.32469,0.583229389
350100,34,3501,Fuzhou,Fuzhou,3501,119.3,26.08,8781,6694,0,507.3966259,114605.1648,507396625.9,14015.7863,0.820959767,14.0157863,10209.829,0.829829985,131595424.3,0.613658731,46857.30044,0.542439844
331000,260,3310,Taizhou,Taizhou,3310,121.43,28.62,9133,6100,0,514.534892,170196.5733,514534892,16648.15911,0.695996012,16.64815911,12140.85436,0.702735625,185534064.1,0.441378632,51782.03495,0.494291749
500100,33,5000,Chongqing,Chongqing,5001,108.4,30.82,6657,5738,0,529.9952988,106316.6651,529995298.8,13827.45406,0.850470665,13.82745406,10130.2783,0.854768357,126952671.4,0.66443164,45274.28742,0.573772123
370100,200,3701,Jinan,Jinan,3701,117,36.63,8165,4414,0,530.7844127,103964.1261,530784412.7,13673.91071,0.860660546,13.67391071,10078.96594,0.859759349,122837971.7,0.6877105,40943.01339,0.63494241
530100,246,5301,Kunming,Kunming,5301,102.73,25.05,5510,6951,0,543.9793327,107764.5172,543979332.7,13939.86395,0.854669525,13.93986395,10196.49304,0.860348047,127175423.4,0.680768323,41526.70832,0.633751138
370600,210,3706,Yantai,Yantai,3706,121.43,37.45,8907,4163,0,558.0728246,165509.8888,558072824.6,18554.6435,0.65036682,18.5546435,13117.93511,0.677350981,240711069.1,0.368990296,62798.32176,0.424475334
210200,171,2102,Dalian,Dalian,2102,121.62,38.92,8901,3837,0,558.2608223,185984.6124,558260822.3,17424.42358,0.692668933,17.42442358,13120.09246,0.677353664,202769927.4,0.438181196,55140.23051,0.483509551
330300,261,3303,Wenzhou,Wenzhou,3303,120.64,27.95,8999,6262,0,561.8963875,167593.6026,561896387.5,16268.13652,0.744313447,16.26813652,12141.21896,0.734344139,172007581.1,0.519910733,46658.69442,0.573258624
430100,126,4301,Changsha,Changsha,4301,112.93,28.23,7517,6301,0,586.3151887,111935.465,586315188.7,13009.85058,0.950733545,13.00985058,9500.043966,0.958680209,104118571,0.89623743,37360.29214,0.731324913
650100,244,6501,Wulumuqi,"-""""rmqi",6501,87.62,43.82,3475,2479,0,597.039197,117033.1945,597039197,13488.6386,0.925334719,13.4886386,9863.246948,0.931784153,114114870.5,0.832684987,36230.99744,0.760985166
230100,90,2301,Haerbin,Harbin,2301,126.68,45.75,9487,2235,6,685.5126642,131038.8392,685512664.2,15081.08963,0.886830404,15.08108963,10992.75862,0.895849084,145900505.9,0.747788559,48029.45987,0.615113272
320600,142,3206,Nantong,Nantong,3206,120.88,31.98,8947,5376,5,708.8146407,165835.2661,708814640.7,17069.88809,0.796711745,17.06988809,12355.79956,0.810455717,188428481.2,0.598695872,52984.62826,0.566984919
370200,205,3702,Qingdao,Qingdao,3702,120.38,36.07,8760,4487,0,734.0049218,154700.2731,734004921.8,17068.44135,0.810813882,17.06844135,12564.09274,0.811058457,188305229.7,0.620378477,48884.47744,0.625364996
442000,59,4420,Zhongshan,Zhongshan,4420,113.39,22.5,7648,7544,0,738.4058903,173897.693,738405890.3,15542.45574,0.89308643,15.54245574,11458.87693,0.891947568,149783672.7,0.784604526,41273.54118,0.742900933
220100,164,2201,Changchun,Changchun,2201,125.32,43.9,9345,2668,0,744.3155334,135063.4904,744315533.4,14761.47185,0.94409225,14.76147185,10831.00564,0.947422215,136172399.5,0.869937644,41417.27104,0.743279441
230600,89,2306,Daqing,Daqing,2306,125.03,46.58,9211,2096,0,758.3495551,167041.7432,758349555.1,16341.20011,0.860827879,16.34120011,11795.21297,0.878137929,173671497,0.694961939,61821.19522,0.502634599
320400,138,3204,changzhou,Changzhou,3204,119.95,31.78,8782,5438,0,779.4612465,143781.8277,779461246.5,15833.55843,0.900708557,15.83355843,11578.33928,0.906953032,158975262.8,0.780342225,47272.92387,0.666407473
340100,22,3401,Hefei,Hefei,3401,117.25,31.83,8286,5469,0,853.9377239,139392.2388,853937723.9,16219.92827,0.92030064,16.21992827,11866.20492,0.926264587,164701009.7,0.825182615,46610.31306,0.707434343
330200,257,3302,Ningbo,Ningbo,3302,121.55,29.88,9123,5822,0,908.787523,162032.0973,908787523,17480.46456,0.88093479,17.48046456,12723.53169,0.891163328,194455642.7,0.743809871,52980.89588,0.642047175
410100,112,4101,Zhengzhou,Zhengzhou,4101,113.62,34.75,7596,4861,0,916.5176161,186826.0376,916517616.1,17366.68389,0.890469529,17.36668389,12622.33279,0.902120572,192474482.3,0.757857911,56807.64517,0.601338044
320200,146,3202,Wuxi,Wuxi,3202,120.3,31.57,8851,5477,0,941.4401086,183863.0146,941440108.6,16734.36233,0.936596939,16.73436233,12255.40421,0.941678192,175567517.8,0.853431482,48249.18645,0.717565273
510100,226,5101,Chengdu,Chengdu,5101,104.07,30.67,5850,5740,0,982.7092676,183424.0109,982709267.6,18167.17033,0.881436015,18.16717033,13188.04795,0.894058246,207729528.8,0.75291673,50857.06914,0.695530624
610100,191,6101,Xi'an,Xi'an,6101,108.93,34.27,6764,4977,0,991.1187275,178431.3346,991118727.5,18209.53979,0.883139734,18.20953979,13237.11019,0.894547614,212329020.7,0.742910433,59431.8631,0.597721057
210100,179,2101,Shenyang,Shenyang,2101,123.43,41.8,9115,3169,0,1099.253352,182972.5817,1099253352,18295.96075,0.925676489,18.29596075,13404.10001,0.930347178,209693938.4,0.834318846,50652.44547,0.7385902
320100,141,3201,Nanjing,Nanjing,3201,118.78,32.07,8562,5394,0,1339.367554,284011.9385,1339367554,22299.46291,0.83834164,22.29946291,16085.1361,0.855773732,317508376,0.67137431,75175.60713,0.549323277
420100,120,4201,Wuhan,Wuhan,4201,114.3,30.6,7757,5771,0,1396.985812,249082.6032,1396985812,20403.97382,0.9357219,20.40397382,14893.54735,0.943912314,259044308.7,0.858297944,58102.09447,0.725870704
440300,55,4403,Shenzhen,Shenzhen,4403,114.07,22.55,7787,7528,0,1410.319099,241378.4948,1410319099,23320.67464,0.822589454,23.32067464,17178.51011,0.822255909,355440590.2,0.631495845,63348.90461,0.668920712
330100,252,3301,Hangzhou,Hangzhou,3301,120.1,30.23,8844,5775,0,1511.593377,290223.0757,1511593377,21640.44073,0.917734256,21.64044073,15747.31301,0.928634544,290861886.4,0.827119568,61709.33624,0.710921542
440600,52,4406,Foshan,Foshan,4406,113.12,23.02,7589,7433,0,1728.519554,268823.5719,1728519554,25038.76382,0.848183498,25.03876382,18329.0083,0.853162946,408471355.5,0.67349259,73776.21423,0.63588099
441900,51,4419,dongguan,Dongguan,4419,113.76,23,7720,7433,0,1857.870962,309930.4447,1857870962,25667.4589,0.857808711,25.6674589,18729.37301,0.865602175,415466030.2,0.711705232,75651.15727,0.642905671
440100,9,4401,Guangzhou,Guangzhou,4401,113.27,23.13,7619,7408,0,2262.592277,376901.0532,2262592277,30714.95876,0.791077017,30.71495876,22188.99838,0.80630482,619859359.3,0.58094266,98107.55509,0.547086196
120100,242,1200,Tianjin,Tianjin,1201,117.2,39.12,8159,3862,0,2343.064803,455004.4985,2343064803,31801.0421,0.777528563,31.8010421,22886.28923,0.795519029,656600264.3,0.567941205,101443.421,0.538422652
320500,144,3205,Suzhou,Suzhou,3205,120.58,31.3,8908,5531,0,2402.515784,347148.4567,2402515784,29203.03676,0.857374699,29.20303676,21518.55219,0.856749543,544288286.5,0.702517898,81140.02452,0.681636832
110100,32,1100,Beijing,Beijing,1101,116.42,39.93,8017,3692,0,2681.015356,359480.7824,2681015356,28848.81228,0.91682673,28.84881228,20982.50845,0.92816684,519104920.1,0.821985749,85402.53327,0.68412263
310100,213,3100,Shanghai,Shanghai,3101,121.48,31.23,9076,5528,0,3799.776478,477031.2874,3799776478,34600.32135,0.910048308,34.60032135,25180.74815,0.920755242,749642806.6,0.80672182,97989.36772,0.709831273
